"","X","st","log.inv.age1","log.inv.prec.age1","agegrp","period","N_swabs","pop_offset_IPD","IPD_blurred","N_carr_blurred"
"1",1,"1",6.00808194274783,14.6352374017038,4,1,1918,2302.9794375,7,6
"2",2,"1",6.00808194274783,14.6352374017038,2,2,3329,5094.192,30,8
"3",3,"1",6.00808194274783,14.6352374017038,4,2,3329,4206.696,34,10
"4",4,"1",6.00808194274783,14.6352374017038,3,3,3259,2435.0243034,8,4
"5",5,"1",6.00808194274783,14.6352374017038,1,0,1077,1559.511,26,4
"6",6,"1",6.00808194274783,14.6352374017038,1,2,3329,1610.316,24,15
"7",7,"1",6.00808194274783,14.6352374017038,2,3,3259,2046.5561435,5,7
"8",8,"1",6.00808194274783,14.6352374017038,2,1,1918,3547.3925625,12,9
"9",9,"1",6.00808194274783,14.6352374017038,3,1,1918,3693.6125,8,10
"10",10,"1",6.00808194274783,14.6352374017038,3,2,3329,5747.136,16,10
"11",11,"1",6.00808194274783,14.6352374017038,3,0,1077,4963.884,40,13
"12",12,"1",6.00808194274783,14.6352374017038,1,1,1918,1070.6159375,11,4
"13",13,"1",6.00808194274783,14.6352374017038,4,3,3259,1899.7218255,10,10
"14",14,"1",6.00808194274783,14.6352374017038,4,0,1077,2755.251,38,10
"15",15,"1",6.00808194274783,14.6352374017038,1,3,3259,682.89472565,3,9
"16",16,"1",6.00808194274783,14.6352374017038,2,0,1077,4685.025,25,7
"17",17,"10A",3.20931701429075,4.01566315050816,2,3,3259,2046.5561435,3,55
"18",18,"10A",3.20931701429075,4.01566315050816,4,0,1077,2755.251,10,18
"19",19,"10A",3.20931701429075,4.01566315050816,1,0,1077,1559.511,4,18
"20",20,"10A",3.20931701429075,4.01566315050816,1,3,3259,682.89472565,11,60
"21",21,"10A",3.20931701429075,4.01566315050816,3,3,3259,2435.0243034,9,57
"22",22,"10A",3.20931701429075,4.01566315050816,4,1,1918,2302.9794375,8,13
"23",23,"10A",3.20931701429075,4.01566315050816,4,3,3259,1899.7218255,10,59
"24",24,"10A",3.20931701429075,4.01566315050816,3,2,3329,5747.136,12,70
"25",25,"10A",3.20931701429075,4.01566315050816,1,2,3329,1610.316,6,68
"26",26,"10A",3.20931701429075,4.01566315050816,2,0,1077,4685.025,6,20
"27",27,"10A",3.20931701429075,4.01566315050816,1,1,1918,1070.6159375,8,11
"28",28,"10A",3.20931701429075,4.01566315050816,3,0,1077,4963.884,5,17
"29",29,"10A",3.20931701429075,4.01566315050816,4,2,3329,4206.696,11,72
"30",30,"10A",3.20931701429075,4.01566315050816,2,1,1918,3547.3925625,3,15
"31",31,"10A",3.20931701429075,4.01566315050816,2,2,3329,5094.192,9,70
"32",32,"10A",3.20931701429075,4.01566315050816,3,1,1918,3693.6125,8,13
"33",33,"10F",2.3651862759368,0.477375783419304,3,3,3259,2435.0243034,6,11
"34",34,"10F",2.3651862759368,0.477375783419304,2,3,3259,2046.5561435,7,13
"35",35,"10F",2.3651862759368,0.477375783419304,2,2,3329,5094.192,1,23
"36",36,"10F",2.3651862759368,0.477375783419304,1,3,3259,682.89472565,5,10
"37",37,"10F",2.3651862759368,0.477375783419304,3,1,1918,3693.6125,6,4
"38",38,"10F",2.3651862759368,0.477375783419304,2,0,1077,4685.025,3,6
"39",39,"10F",2.3651862759368,0.477375783419304,1,2,3329,1610.316,4,21
"40",40,"10F",2.3651862759368,0.477375783419304,1,1,1918,1070.6159375,3,4
"41",41,"10F",2.3651862759368,0.477375783419304,4,0,1077,2755.251,3,4
"42",42,"10F",2.3651862759368,0.477375783419304,3,0,1077,4963.884,4,5
"43",43,"10F",2.3651862759368,0.477375783419304,1,0,1077,1559.511,4,6
"44",44,"10F",2.3651862759368,0.477375783419304,4,2,3329,4206.696,4,23
"45",45,"10F",2.3651862759368,0.477375783419304,2,1,1918,3547.3925625,3,7
"46",46,"10F",2.3651862759368,0.477375783419304,4,1,1918,2302.9794375,3,7
"47",47,"10F",2.3651862759368,0.477375783419304,3,2,3329,5747.136,4,21
"48",48,"10F",2.3651862759368,0.477375783419304,4,3,3259,1899.7218255,6,13
"49",49,"11A",1.36094759537082,1.04562468092662,4,3,3259,1899.7218255,5,86
"50",50,"11A",1.36094759537082,1.04562468092662,2,3,3259,2046.5561435,7,80
"51",51,"11A",1.36094759537082,1.04562468092662,4,2,3329,4206.696,17,86
"52",52,"11A",1.36094759537082,1.04562468092662,3,2,3329,5747.136,6,85
"53",53,"11A",1.36094759537082,1.04562468092662,1,3,3259,682.89472565,7,85
"54",54,"11A",1.36094759537082,1.04562468092662,1,2,3329,1610.316,2,88
"55",55,"11A",1.36094759537082,1.04562468092662,4,1,1918,2302.9794375,11,57
"56",56,"11A",1.36094759537082,1.04562468092662,2,2,3329,5094.192,4,87
"57",57,"11A",1.36094759537082,1.04562468092662,2,0,1077,4685.025,4,26
"58",58,"11A",1.36094759537082,1.04562468092662,1,0,1077,1559.511,7,25
"59",59,"11A",1.36094759537082,1.04562468092662,3,3,3259,2435.0243034,8,87
"60",60,"11A",1.36094759537082,1.04562468092662,3,0,1077,4963.884,4,26
"61",61,"11A",1.36094759537082,1.04562468092662,4,0,1077,2755.251,9,29
"62",62,"11A",1.36094759537082,1.04562468092662,2,1,1918,3547.3925625,2,58
"63",63,"11A",1.36094759537082,1.04562468092662,3,1,1918,3693.6125,5,56
"64",64,"11A",1.36094759537082,1.04562468092662,1,1,1918,1070.6159375,4,60
"65",65,"12F",4.97068715244122,17.9361762946425,1,1,1918,1070.6159375,15,20
"66",66,"12F",4.97068715244122,17.9361762946425,2,0,1077,4685.025,6,7
"67",67,"12F",4.97068715244122,17.9361762946425,3,2,3329,5747.136,31,22
"68",68,"12F",4.97068715244122,17.9361762946425,4,0,1077,2755.251,49,8
"69",69,"12F",4.97068715244122,17.9361762946425,2,1,1918,3547.3925625,7,25
"70",70,"12F",4.97068715244122,17.9361762946425,1,3,3259,682.89472565,5,6
"71",71,"12F",4.97068715244122,17.9361762946425,2,3,3259,2046.5561435,7,8
"72",72,"12F",4.97068715244122,17.9361762946425,1,2,3329,1610.316,21,23
"73",73,"12F",4.97068715244122,17.9361762946425,3,3,3259,2435.0243034,8,9
"74",74,"12F",4.97068715244122,17.9361762946425,4,1,1918,2302.9794375,24,24
"75",75,"12F",4.97068715244122,17.9361762946425,1,0,1077,1559.511,31,10
"76",76,"12F",4.97068715244122,17.9361762946425,3,0,1077,4963.884,21,11
"77",77,"12F",4.97068715244122,17.9361762946425,4,2,3329,4206.696,74,27
"78",78,"12F",4.97068715244122,17.9361762946425,3,1,1918,3693.6125,7,23
"79",79,"12F",4.97068715244122,17.9361762946425,4,3,3259,1899.7218255,8,8
"80",80,"12F",4.97068715244122,17.9361762946425,2,2,3329,5094.192,6,21
"81",81,"13",2.33013962649511,0.474236251466932,4,3,3259,1899.7218255,3,12
"82",82,"13",2.33013962649511,0.474236251466932,4,1,1918,2302.9794375,7,8
"83",83,"13",2.33013962649511,0.474236251466932,1,2,3329,1610.316,4,1
"84",84,"13",2.33013962649511,0.474236251466932,3,2,3329,5747.136,7,6
"85",85,"13",2.33013962649511,0.474236251466932,3,1,1918,3693.6125,2,10
"86",86,"13",2.33013962649511,0.474236251466932,3,3,3259,2435.0243034,4,10
"87",87,"13",2.33013962649511,0.474236251466932,2,3,3259,2046.5561435,10,11
"88",88,"13",2.33013962649511,0.474236251466932,1,0,1077,1559.511,8,11
"89",89,"13",2.33013962649511,0.474236251466932,2,2,3329,5094.192,8,3
"90",90,"13",2.33013962649511,0.474236251466932,3,0,1077,4963.884,4,8
"91",91,"13",2.33013962649511,0.474236251466932,2,0,1077,4685.025,3,10
"92",92,"13",2.33013962649511,0.474236251466932,4,0,1077,2755.251,7,10
"93",93,"13",2.33013962649511,0.474236251466932,1,1,1918,1070.6159375,4,12
"94",94,"13",2.33013962649511,0.474236251466932,2,1,1918,3547.3925625,7,8
"95",95,"13",2.33013962649511,0.474236251466932,1,3,3259,682.89472565,4,8
"96",96,"13",2.33013962649511,0.474236251466932,4,2,3329,4206.696,4,7
"97",97,"14",3.91626267581702,22.1675663271822,2,3,3259,2046.5561435,7,4
"98",98,"14",3.91626267581702,22.1675663271822,1,0,1077,1559.511,29,47
"99",99,"14",3.91626267581702,22.1675663271822,4,3,3259,1899.7218255,6,5
"100",100,"14",3.91626267581702,22.1675663271822,3,0,1077,4963.884,12,45
"101",101,"14",3.91626267581702,22.1675663271822,1,2,3329,1610.316,5,7
"102",102,"14",3.91626267581702,22.1675663271822,3,1,1918,3693.6125,5,19
"103",103,"14",3.91626267581702,22.1675663271822,4,2,3329,4206.696,5,10
"104",104,"14",3.91626267581702,22.1675663271822,3,3,3259,2435.0243034,9,5
"105",105,"14",3.91626267581702,22.1675663271822,1,3,3259,682.89472565,5,6
"106",106,"14",3.91626267581702,22.1675663271822,3,2,3329,5747.136,8,10
"107",107,"14",3.91626267581702,22.1675663271822,4,0,1077,2755.251,13,46
"108",108,"14",3.91626267581702,22.1675663271822,2,1,1918,3547.3925625,5,19
"109",109,"14",3.91626267581702,22.1675663271822,2,0,1077,4685.025,4,42
"110",110,"14",3.91626267581702,22.1675663271822,1,1,1918,1070.6159375,11,15
"111",111,"14",3.91626267581702,22.1675663271822,4,1,1918,2302.9794375,12,27
"112",112,"14",3.91626267581702,22.1675663271822,2,2,3329,5094.192,5,6
"113",113,"15A",1.8161060692757,5.08907900598185,4,2,3329,4206.696,14,118
"114",114,"15A",1.8161060692757,5.08907900598185,2,1,1918,3547.3925625,9,45
"115",115,"15A",1.8161060692757,5.08907900598185,3,2,3329,5747.136,7,120
"116",116,"15A",1.8161060692757,5.08907900598185,4,1,1918,2302.9794375,4,47
"117",117,"15A",1.8161060692757,5.08907900598185,1,3,3259,682.89472565,6,52
"118",118,"15A",1.8161060692757,5.08907900598185,4,3,3259,1899.7218255,9,53
"119",119,"15A",1.8161060692757,5.08907900598185,2,3,3259,2046.5561435,6,54
"120",120,"15A",1.8161060692757,5.08907900598185,3,0,1077,4963.884,6,20
"121",121,"15A",1.8161060692757,5.08907900598185,1,2,3329,1610.316,10,121
"122",122,"15A",1.8161060692757,5.08907900598185,3,1,1918,3693.6125,5,40
"123",123,"15A",1.8161060692757,5.08907900598185,4,0,1077,2755.251,5,19
"124",124,"15A",1.8161060692757,5.08907900598185,2,0,1077,4685.025,4,23
"125",125,"15A",1.8161060692757,5.08907900598185,2,2,3329,5094.192,4,120
"126",126,"15A",1.8161060692757,5.08907900598185,1,0,1077,1559.511,11,23
"127",127,"15A",1.8161060692757,5.08907900598185,3,3,3259,2435.0243034,3,50
"128",128,"15A",1.8161060692757,5.08907900598185,1,1,1918,1070.6159375,2,43
"129",129,"15B/C",1.73267275106677,7.46488886211691,3,3,3259,2435.0243034,5,189
"130",130,"15B/C",1.73267275106677,7.46488886211691,4,1,1918,2302.9794375,7,76
"131",131,"15B/C",1.73267275106677,7.46488886211691,3,2,3329,5747.136,6,100
"132",132,"15B/C",1.73267275106677,7.46488886211691,1,0,1077,1559.511,10,14
"133",133,"15B/C",1.73267275106677,7.46488886211691,2,2,3329,5094.192,6,107
"134",134,"15B/C",1.73267275106677,7.46488886211691,2,0,1077,4685.025,6,17
"135",135,"15B/C",1.73267275106677,7.46488886211691,4,0,1077,2755.251,8,16
"136",136,"15B/C",1.73267275106677,7.46488886211691,4,2,3329,4206.696,7,101
"137",137,"15B/C",1.73267275106677,7.46488886211691,2,3,3259,2046.5561435,7,186
"138",138,"15B/C",1.73267275106677,7.46488886211691,1,3,3259,682.89472565,10,187
"139",139,"15B/C",1.73267275106677,7.46488886211691,3,0,1077,4963.884,11,21
"140",140,"15B/C",1.73267275106677,7.46488886211691,1,2,3329,1610.316,6,98
"141",141,"15B/C",1.73267275106677,7.46488886211691,1,1,1918,1070.6159375,6,71
"142",142,"15B/C",1.73267275106677,7.46488886211691,3,1,1918,3693.6125,4,74
"143",143,"15B/C",1.73267275106677,7.46488886211691,4,3,3259,1899.7218255,4,186
"144",144,"15B/C",1.73267275106677,7.46488886211691,2,1,1918,3547.3925625,3,68
"145",145,"16F",2.60719265039041,5.68921074354767,2,2,3329,5094.192,7,63
"146",146,"16F",2.60719265039041,5.68921074354767,3,2,3329,5747.136,4,62
"147",147,"16F",2.60719265039041,5.68921074354767,1,1,1918,1070.6159375,5,31
"148",148,"16F",2.60719265039041,5.68921074354767,4,2,3329,4206.696,15,65
"149",149,"16F",2.60719265039041,5.68921074354767,4,1,1918,2302.9794375,18,31
"150",150,"16F",2.60719265039041,5.68921074354767,1,3,3259,682.89472565,7,64
"151",151,"16F",2.60719265039041,5.68921074354767,2,3,3259,2046.5561435,7,57
"152",152,"16F",2.60719265039041,5.68921074354767,1,2,3329,1610.316,6,63
"153",153,"16F",2.60719265039041,5.68921074354767,4,3,3259,1899.7218255,10,61
"154",154,"16F",2.60719265039041,5.68921074354767,3,0,1077,4963.884,5,10
"155",155,"16F",2.60719265039041,5.68921074354767,2,1,1918,3547.3925625,2,31
"156",156,"16F",2.60719265039041,5.68921074354767,3,1,1918,3693.6125,4,31
"157",157,"16F",2.60719265039041,5.68921074354767,2,0,1077,4685.025,6,12
"158",158,"16F",2.60719265039041,5.68921074354767,4,0,1077,2755.251,13,10
"159",159,"16F",2.60719265039041,5.68921074354767,3,3,3259,2435.0243034,6,59
"160",160,"16F",2.60719265039041,5.68921074354767,1,0,1077,1559.511,7,11
"161",161,"17A",2.48305531081583,0.476105638976961,2,2,3329,5094.192,5,6
"162",162,"17A",2.48305531081583,0.476105638976961,1,1,1918,1070.6159375,4,17
"163",163,"17A",2.48305531081583,0.476105638976961,4,1,1918,2302.9794375,6,19
"164",164,"17A",2.48305531081583,0.476105638976961,4,2,3329,4206.696,4,7
"165",165,"17A",2.48305531081583,0.476105638976961,2,1,1918,3547.3925625,4,17
"166",166,"17A",2.48305531081583,0.476105638976961,1,2,3329,1610.316,5,7
"167",167,"17A",2.48305531081583,0.476105638976961,3,1,1918,3693.6125,6,14
"168",168,"17A",2.48305531081583,0.476105638976961,3,0,1077,4963.884,3,5
"169",169,"17A",2.48305531081583,0.476105638976961,4,0,1077,2755.251,4,6
"170",170,"17A",2.48305531081583,0.476105638976961,3,3,3259,2435.0243034,4,4
"171",171,"17A",2.48305531081583,0.476105638976961,3,2,3329,5747.136,6,6
"172",172,"17A",2.48305531081583,0.476105638976961,2,0,1077,4685.025,3,9
"173",173,"17A",2.48305531081583,0.476105638976961,1,3,3259,682.89472565,7,3
"174",174,"17A",2.48305531081583,0.476105638976961,2,3,3259,2046.5561435,6,7
"175",175,"17A",2.48305531081583,0.476105638976961,4,3,3259,1899.7218255,6,1
"176",176,"17A",2.48305531081583,0.476105638976961,1,0,1077,1559.511,6,8
"177",177,"17F",2.03989898386241,2.58123737203653,3,3,3259,2435.0243034,4,60
"178",178,"17F",2.03989898386241,2.58123737203653,2,2,3329,5094.192,5,74
"179",179,"17F",2.03989898386241,2.58123737203653,3,0,1077,4963.884,9,11
"180",180,"17F",2.03989898386241,2.58123737203653,3,1,1918,3693.6125,5,23
"181",181,"17F",2.03989898386241,2.58123737203653,4,1,1918,2302.9794375,13,26
"182",182,"17F",2.03989898386241,2.58123737203653,1,3,3259,682.89472565,4,61
"183",183,"17F",2.03989898386241,2.58123737203653,4,2,3329,4206.696,21,78
"184",184,"17F",2.03989898386241,2.58123737203653,1,1,1918,1070.6159375,5,27
"185",185,"17F",2.03989898386241,2.58123737203653,3,2,3329,5747.136,7,72
"186",186,"17F",2.03989898386241,2.58123737203653,2,1,1918,3547.3925625,5,27
"187",187,"17F",2.03989898386241,2.58123737203653,1,2,3329,1610.316,5,76
"188",188,"17F",2.03989898386241,2.58123737203653,4,0,1077,2755.251,13,12
"189",189,"17F",2.03989898386241,2.58123737203653,4,3,3259,1899.7218255,8,55
"190",190,"17F",2.03989898386241,2.58123737203653,2,3,3259,2046.5561435,8,57
"191",191,"17F",2.03989898386241,2.58123737203653,1,0,1077,1559.511,4,12
"192",192,"17F",2.03989898386241,2.58123737203653,2,0,1077,4685.025,5,11
"193",193,"18C",4.16739364554875,12.4326594724658,4,0,1077,2755.251,16,13
"194",194,"18C",4.16739364554875,12.4326594724658,1,1,1918,1070.6159375,16,32
"195",195,"18C",4.16739364554875,12.4326594724658,2,3,3259,2046.5561435,9,2
"196",196,"18C",4.16739364554875,12.4326594724658,3,0,1077,4963.884,6,10
"197",197,"18C",4.16739364554875,12.4326594724658,1,0,1077,1559.511,15,11
"198",198,"18C",4.16739364554875,12.4326594724658,3,2,3329,5747.136,6,11
"199",199,"18C",4.16739364554875,12.4326594724658,4,3,3259,1899.7218255,3,5
"200",200,"18C",4.16739364554875,12.4326594724658,2,1,1918,3547.3925625,6,33
"201",201,"18C",4.16739364554875,12.4326594724658,4,2,3329,4206.696,4,7
"202",202,"18C",4.16739364554875,12.4326594724658,1,2,3329,1610.316,9,7
"203",203,"18C",4.16739364554875,12.4326594724658,3,3,3259,2435.0243034,5,2
"204",204,"18C",4.16739364554875,12.4326594724658,4,1,1918,2302.9794375,11,34
"205",205,"18C",4.16739364554875,12.4326594724658,2,2,3329,5094.192,4,5
"206",206,"18C",4.16739364554875,12.4326594724658,2,0,1077,4685.025,9,16
"207",207,"18C",4.16739364554875,12.4326594724658,3,1,1918,3693.6125,7,35
"208",208,"18C",4.16739364554875,12.4326594724658,1,3,3259,682.89472565,4,3
"209",209,"19A",3.51271501997968,41.4208733640454,3,1,1918,3693.6125,6,48
"210",210,"19A",3.51271501997968,41.4208733640454,4,2,3329,4206.696,39,170
"211",211,"19A",3.51271501997968,41.4208733640454,2,2,3329,5094.192,7,172
"212",212,"19A",3.51271501997968,41.4208733640454,3,3,3259,2435.0243034,5,129
"213",213,"19A",3.51271501997968,41.4208733640454,1,3,3259,682.89472565,3,130
"214",214,"19A",3.51271501997968,41.4208733640454,2,0,1077,4685.025,6,34
"215",215,"19A",3.51271501997968,41.4208733640454,2,3,3259,2046.5561435,2,129
"216",216,"19A",3.51271501997968,41.4208733640454,1,2,3329,1610.316,35,178
"217",217,"19A",3.51271501997968,41.4208733640454,1,1,1918,1070.6159375,15,50
"218",218,"19A",3.51271501997968,41.4208733640454,4,0,1077,2755.251,15,32
"219",219,"19A",3.51271501997968,41.4208733640454,3,2,3329,5747.136,9,172
"220",220,"19A",3.51271501997968,41.4208733640454,4,3,3259,1899.7218255,15,126
"221",221,"19A",3.51271501997968,41.4208733640454,1,0,1077,1559.511,15,34
"222",222,"19A",3.51271501997968,41.4208733640454,2,1,1918,3547.3925625,9,50
"223",223,"19A",3.51271501997968,41.4208733640454,3,0,1077,4963.884,11,30
"224",224,"19A",3.51271501997968,41.4208733640454,4,1,1918,2302.9794375,24,51
"225",225,"19F",2.95337482919326,12.4133167282539,2,2,3329,5094.192,2,32
"226",226,"19F",2.95337482919326,12.4133167282539,4,1,1918,2302.9794375,4,94
"227",227,"19F",2.95337482919326,12.4133167282539,2,0,1077,4685.025,5,41
"228",228,"19F",2.95337482919326,12.4133167282539,4,2,3329,4206.696,11,32
"229",229,"19F",2.95337482919326,12.4133167282539,3,3,3259,2435.0243034,6,34
"230",230,"19F",2.95337482919326,12.4133167282539,1,0,1077,1559.511,22,41
"231",231,"19F",2.95337482919326,12.4133167282539,4,0,1077,2755.251,12,39
"232",232,"19F",2.95337482919326,12.4133167282539,1,1,1918,1070.6159375,5,90
"233",233,"19F",2.95337482919326,12.4133167282539,3,1,1918,3693.6125,5,97
"234",234,"19F",2.95337482919326,12.4133167282539,2,3,3259,2046.5561435,2,34
"235",235,"19F",2.95337482919326,12.4133167282539,3,0,1077,4963.884,3,40
"236",236,"19F",2.95337482919326,12.4133167282539,1,2,3329,1610.316,5,29
"237",237,"19F",2.95337482919326,12.4133167282539,4,3,3259,1899.7218255,4,33
"238",238,"19F",2.95337482919326,12.4133167282539,3,2,3329,5747.136,9,30
"239",239,"19F",2.95337482919326,12.4133167282539,2,1,1918,3547.3925625,3,96
"240",240,"19F",2.95337482919326,12.4133167282539,1,3,3259,682.89472565,8,29
"241",241,"21",1.84865580227565,2.63447085930322,3,0,1077,4963.884,5,10
"242",242,"21",1.84865580227565,2.63447085930322,4,2,3329,4206.696,8,73
"243",243,"21",1.84865580227565,2.63447085930322,4,1,1918,2302.9794375,3,14
"244",244,"21",1.84865580227565,2.63447085930322,1,1,1918,1070.6159375,6,16
"245",245,"21",1.84865580227565,2.63447085930322,1,2,3329,1610.316,6,81
"246",246,"21",1.84865580227565,2.63447085930322,4,3,3259,1899.7218255,9,37
"247",247,"21",1.84865580227565,2.63447085930322,4,0,1077,2755.251,4,12
"248",248,"21",1.84865580227565,2.63447085930322,2,3,3259,2046.5561435,10,35
"249",249,"21",1.84865580227565,2.63447085930322,3,3,3259,2435.0243034,9,40
"250",250,"21",1.84865580227565,2.63447085930322,2,1,1918,3547.3925625,6,12
"251",251,"21",1.84865580227565,2.63447085930322,1,3,3259,682.89472565,4,33
"252",252,"21",1.84865580227565,2.63447085930322,2,0,1077,4685.025,3,15
"253",253,"21",1.84865580227565,2.63447085930322,1,0,1077,1559.511,5,11
"254",254,"21",1.84865580227565,2.63447085930322,3,1,1918,3693.6125,4,12
"255",255,"21",1.84865580227565,2.63447085930322,3,2,3329,5747.136,5,76
"256",256,"21",1.84865580227565,2.63447085930322,2,2,3329,5094.192,7,75
"257",257,"22F",2.36968571027356,13.5102076953097,1,0,1077,1559.511,8,29
"258",258,"22F",2.36968571027356,13.5102076953097,4,2,3329,4206.696,26,110
"259",259,"22F",2.36968571027356,13.5102076953097,1,1,1918,1070.6159375,9,61
"260",260,"22F",2.36968571027356,13.5102076953097,1,3,3259,682.89472565,11,96
"261",261,"22F",2.36968571027356,13.5102076953097,4,1,1918,2302.9794375,15,63
"262",262,"22F",2.36968571027356,13.5102076953097,4,3,3259,1899.7218255,16,99
"263",263,"22F",2.36968571027356,13.5102076953097,2,1,1918,3547.3925625,6,61
"264",264,"22F",2.36968571027356,13.5102076953097,2,2,3329,5094.192,10,109
"265",265,"22F",2.36968571027356,13.5102076953097,2,3,3259,2046.5561435,5,100
"266",266,"22F",2.36968571027356,13.5102076953097,3,3,3259,2435.0243034,6,99
"267",267,"22F",2.36968571027356,13.5102076953097,4,0,1077,2755.251,17,30
"268",268,"22F",2.36968571027356,13.5102076953097,1,2,3329,1610.316,8,112
"269",269,"22F",2.36968571027356,13.5102076953097,3,2,3329,5747.136,6,107
"270",270,"22F",2.36968571027356,13.5102076953097,2,0,1077,4685.025,5,29
"271",271,"22F",2.36968571027356,13.5102076953097,3,1,1918,3693.6125,8,66
"272",272,"22F",2.36968571027356,13.5102076953097,3,0,1077,4963.884,0,29
"273",273,"23A",1.3233625257057,1.05958752516457,3,2,3329,5747.136,3,77
"274",274,"23A",1.3233625257057,1.05958752516457,1,1,1918,1070.6159375,3,36
"275",275,"23A",1.3233625257057,1.05958752516457,2,2,3329,5094.192,7,81
"276",276,"23A",1.3233625257057,1.05958752516457,2,1,1918,3547.3925625,6,31
"277",277,"23A",1.3233625257057,1.05958752516457,1,3,3259,682.89472565,10,96
"278",278,"23A",1.3233625257057,1.05958752516457,4,2,3329,4206.696,7,84
"279",279,"23A",1.3233625257057,1.05958752516457,3,3,3259,2435.0243034,2,94
"280",280,"23A",1.3233625257057,1.05958752516457,2,3,3259,2046.5561435,6,94
"281",281,"23A",1.3233625257057,1.05958752516457,2,0,1077,4685.025,6,8
"282",282,"23A",1.3233625257057,1.05958752516457,1,0,1077,1559.511,3,8
"283",283,"23A",1.3233625257057,1.05958752516457,1,2,3329,1610.316,5,80
"284",284,"23A",1.3233625257057,1.05958752516457,3,0,1077,4963.884,4,11
"285",285,"23A",1.3233625257057,1.05958752516457,4,3,3259,1899.7218255,2,96
"286",286,"23A",1.3233625257057,1.05958752516457,3,1,1918,3693.6125,4,33
"287",287,"23A",1.3233625257057,1.05958752516457,4,0,1077,2755.251,2,12
"288",288,"23A",1.3233625257057,1.05958752516457,4,1,1918,2302.9794375,4,34
"289",289,"23B",1.70435701191469,4.99605031799245,1,2,3329,1610.316,5,107
"290",290,"23B",1.70435701191469,4.99605031799245,3,0,1077,4963.884,6,19
"291",291,"23B",1.70435701191469,4.99605031799245,4,0,1077,2755.251,8,17
"292",292,"23B",1.70435701191469,4.99605031799245,1,0,1077,1559.511,4,22
"293",293,"23B",1.70435701191469,4.99605031799245,1,1,1918,1070.6159375,3,50
"294",294,"23B",1.70435701191469,4.99605031799245,3,2,3329,5747.136,8,111
"295",295,"23B",1.70435701191469,4.99605031799245,2,3,3259,2046.5561435,6,134
"296",296,"23B",1.70435701191469,4.99605031799245,3,1,1918,3693.6125,7,47
"297",297,"23B",1.70435701191469,4.99605031799245,2,0,1077,4685.025,10,21
"298",298,"23B",1.70435701191469,4.99605031799245,2,1,1918,3547.3925625,2,47
"299",299,"23B",1.70435701191469,4.99605031799245,2,2,3329,5094.192,3,113
"300",300,"23B",1.70435701191469,4.99605031799245,1,3,3259,682.89472565,7,135
"301",301,"23B",1.70435701191469,4.99605031799245,4,3,3259,1899.7218255,8,134
"302",302,"23B",1.70435701191469,4.99605031799245,4,2,3329,4206.696,2,108
"303",303,"23B",1.70435701191469,4.99605031799245,3,3,3259,2435.0243034,7,127
"304",304,"23B",1.70435701191469,4.99605031799245,4,1,1918,2302.9794375,6,44
"305",305,"23F",2.89454430763094,14.2852522679425,3,1,1918,3693.6125,6,42
"306",306,"23F",2.89454430763094,14.2852522679425,4,1,1918,2302.9794375,6,40
"307",307,"23F",2.89454430763094,14.2852522679425,3,0,1077,4963.884,4,61
"308",308,"23F",2.89454430763094,14.2852522679425,1,2,3329,1610.316,1,9
"309",309,"23F",2.89454430763094,14.2852522679425,1,3,3259,682.89472565,5,6
"310",310,"23F",2.89454430763094,14.2852522679425,4,2,3329,4206.696,5,5
"311",311,"23F",2.89454430763094,14.2852522679425,2,2,3329,5094.192,4,4
"312",312,"23F",2.89454430763094,14.2852522679425,1,1,1918,1070.6159375,6,39
"313",313,"23F",2.89454430763094,14.2852522679425,4,0,1077,2755.251,9,64
"314",314,"23F",2.89454430763094,14.2852522679425,3,2,3329,5747.136,2,2
"315",315,"23F",2.89454430763094,14.2852522679425,1,0,1077,1559.511,21,61
"316",316,"23F",2.89454430763094,14.2852522679425,2,3,3259,2046.5561435,7,8
"317",317,"23F",2.89454430763094,14.2852522679425,4,3,3259,1899.7218255,7,7
"318",318,"23F",2.89454430763094,14.2852522679425,2,0,1077,4685.025,3,63
"319",319,"23F",2.89454430763094,14.2852522679425,2,1,1918,3547.3925625,4,39
"320",320,"23F",2.89454430763094,14.2852522679425,3,3,3259,2435.0243034,7,6
"321",321,"3",3.22098838251506,13.6573495817855,3,2,3329,5747.136,10,57
"322",322,"3",3.22098838251506,13.6573495817855,2,2,3329,5094.192,5,61
"323",323,"3",3.22098838251506,13.6573495817855,3,3,3259,2435.0243034,6,37
"324",324,"3",3.22098838251506,13.6573495817855,3,1,1918,3693.6125,7,52
"325",325,"3",3.22098838251506,13.6573495817855,4,1,1918,2302.9794375,24,56
"326",326,"3",3.22098838251506,13.6573495817855,1,0,1077,1559.511,3,10
"327",327,"3",3.22098838251506,13.6573495817855,2,1,1918,3547.3925625,15,58
"328",328,"3",3.22098838251506,13.6573495817855,4,2,3329,4206.696,37,57
"329",329,"3",3.22098838251506,13.6573495817855,3,0,1077,4963.884,9,10
"330",330,"3",3.22098838251506,13.6573495817855,4,0,1077,2755.251,26,13
"331",331,"3",3.22098838251506,13.6573495817855,1,2,3329,1610.316,16,62
"332",332,"3",3.22098838251506,13.6573495817855,4,3,3259,1899.7218255,21,30
"333",333,"3",3.22098838251506,13.6573495817855,2,3,3259,2046.5561435,7,39
"334",334,"3",3.22098838251506,13.6573495817855,1,1,1918,1070.6159375,10,54
"335",335,"3",3.22098838251506,13.6573495817855,2,0,1077,4685.025,4,9
"336",336,"3",3.22098838251506,13.6573495817855,1,3,3259,682.89472565,7,33
"337",337,"31",1.76843983317045,1.68686819981686,2,2,3329,5094.192,6,37
"338",338,"31",1.76843983317045,1.68686819981686,4,1,1918,2302.9794375,9,21
"339",339,"31",1.76843983317045,1.68686819981686,4,3,3259,1899.7218255,7,50
"340",340,"31",1.76843983317045,1.68686819981686,1,3,3259,682.89472565,10,50
"341",341,"31",1.76843983317045,1.68686819981686,1,1,1918,1070.6159375,5,22
"342",342,"31",1.76843983317045,1.68686819981686,1,0,1077,1559.511,2,19
"343",343,"31",1.76843983317045,1.68686819981686,2,3,3259,2046.5561435,5,51
"344",344,"31",1.76843983317045,1.68686819981686,3,2,3329,5747.136,3,38
"345",345,"31",1.76843983317045,1.68686819981686,3,0,1077,4963.884,5,24
"346",346,"31",1.76843983317045,1.68686819981686,2,1,1918,3547.3925625,4,20
"347",347,"31",1.76843983317045,1.68686819981686,4,2,3329,4206.696,15,39
"348",348,"31",1.76843983317045,1.68686819981686,1,2,3329,1610.316,5,44
"349",349,"31",1.76843983317045,1.68686819981686,2,0,1077,4685.025,3,21
"350",350,"31",1.76843983317045,1.68686819981686,3,1,1918,3693.6125,7,20
"351",351,"31",1.76843983317045,1.68686819981686,4,0,1077,2755.251,9,19
"352",352,"31",1.76843983317045,1.68686819981686,3,3,3259,2435.0243034,9,50
"353",353,"33F",2.1982962477447,3.88344824805333,1,2,3329,1610.316,7,49
"354",354,"33F",2.1982962477447,3.88344824805333,4,1,1918,2302.9794375,5,28
"355",355,"33F",2.1982962477447,3.88344824805333,2,3,3259,2046.5561435,6,19
"356",356,"33F",2.1982962477447,3.88344824805333,1,3,3259,682.89472565,10,16
"357",357,"33F",2.1982962477447,3.88344824805333,3,0,1077,4963.884,6,15
"358",358,"33F",2.1982962477447,3.88344824805333,2,0,1077,4685.025,4,12
"359",359,"33F",2.1982962477447,3.88344824805333,3,1,1918,3693.6125,6,28
"360",360,"33F",2.1982962477447,3.88344824805333,2,1,1918,3547.3925625,7,25
"361",361,"33F",2.1982962477447,3.88344824805333,2,2,3329,5094.192,3,50
"362",362,"33F",2.1982962477447,3.88344824805333,3,3,3259,2435.0243034,4,18
"363",363,"33F",2.1982962477447,3.88344824805333,1,0,1077,1559.511,10,14
"364",364,"33F",2.1982962477447,3.88344824805333,4,2,3329,4206.696,13,46
"365",365,"33F",2.1982962477447,3.88344824805333,4,0,1077,2755.251,5,14
"366",366,"33F",2.1982962477447,3.88344824805333,4,3,3259,1899.7218255,7,17
"367",367,"33F",2.1982962477447,3.88344824805333,3,2,3329,5747.136,5,48
"368",368,"33F",2.1982962477447,3.88344824805333,1,1,1918,1070.6159375,2,29
"369",369,"34",1.47088110245655,1.07028853203311,4,0,1077,2755.251,5,15
"370",370,"34",1.47088110245655,1.07028853203311,3,3,3259,2435.0243034,5,45
"371",371,"34",1.47088110245655,1.07028853203311,2,1,1918,3547.3925625,4,19
"372",372,"34",1.47088110245655,1.07028853203311,2,2,3329,5094.192,4,61
"373",373,"34",1.47088110245655,1.07028853203311,3,2,3329,5747.136,7,62
"374",374,"34",1.47088110245655,1.07028853203311,3,1,1918,3693.6125,7,21
"375",375,"34",1.47088110245655,1.07028853203311,2,0,1077,4685.025,5,14
"376",376,"34",1.47088110245655,1.07028853203311,1,2,3329,1610.316,10,63
"377",377,"34",1.47088110245655,1.07028853203311,4,2,3329,4206.696,8,65
"378",378,"34",1.47088110245655,1.07028853203311,4,1,1918,2302.9794375,3,21
"379",379,"34",1.47088110245655,1.07028853203311,3,0,1077,4963.884,4,9
"380",380,"34",1.47088110245655,1.07028853203311,4,3,3259,1899.7218255,10,47
"381",381,"34",1.47088110245655,1.07028853203311,1,1,1918,1070.6159375,5,18
"382",382,"34",1.47088110245655,1.07028853203311,1,3,3259,682.89472565,6,48
"383",383,"34",1.47088110245655,1.07028853203311,2,3,3259,2046.5561435,4,46
"384",384,"34",1.47088110245655,1.07028853203311,1,0,1077,1559.511,7,9
"385",385,"35A",2.19186301243078,0.47493647654937,2,1,1918,3547.3925625,5,15
"386",386,"35A",2.19186301243078,0.47493647654937,1,1,1918,1070.6159375,8,14
"387",387,"35A",2.19186301243078,0.47493647654937,4,3,3259,1899.7218255,4,19
"388",388,"35A",2.19186301243078,0.47493647654937,1,3,3259,682.89472565,4,21
"389",389,"35A",2.19186301243078,0.47493647654937,4,0,1077,2755.251,3,10
"390",390,"35A",2.19186301243078,0.47493647654937,4,2,3329,4206.696,5,49
"391",391,"35A",2.19186301243078,0.47493647654937,1,2,3329,1610.316,10,51
"392",392,"35A",2.19186301243078,0.47493647654937,4,1,1918,2302.9794375,4,12
"393",393,"35A",2.19186301243078,0.47493647654937,3,0,1077,4963.884,7,8
"394",394,"35A",2.19186301243078,0.47493647654937,2,2,3329,5094.192,7,50
"395",395,"35A",2.19186301243078,0.47493647654937,1,0,1077,1559.511,2,7
"396",396,"35A",2.19186301243078,0.47493647654937,3,2,3329,5747.136,4,52
"397",397,"35A",2.19186301243078,0.47493647654937,3,1,1918,3693.6125,4,17
"398",398,"35A",2.19186301243078,0.47493647654937,2,3,3259,2046.5561435,2,19
"399",399,"35A",2.19186301243078,0.47493647654937,2,0,1077,4685.025,2,11
"400",400,"35A",2.19186301243078,0.47493647654937,3,3,3259,2435.0243034,11,18
"401",401,"35B",1.46528270120394,4.45445478728149,3,3,3259,2435.0243034,10,127
"402",402,"35B",1.46528270120394,4.45445478728149,2,1,1918,3547.3925625,3,108
"403",403,"35B",1.46528270120394,4.45445478728149,3,1,1918,3693.6125,9,108
"404",404,"35B",1.46528270120394,4.45445478728149,1,0,1077,1559.511,5,22
"405",405,"35B",1.46528270120394,4.45445478728149,3,0,1077,4963.884,4,21
"406",406,"35B",1.46528270120394,4.45445478728149,4,0,1077,2755.251,9,23
"407",407,"35B",1.46528270120394,4.45445478728149,1,1,1918,1070.6159375,9,104
"408",408,"35B",1.46528270120394,4.45445478728149,4,3,3259,1899.7218255,4,132
"409",409,"35B",1.46528270120394,4.45445478728149,2,0,1077,4685.025,5,23
"410",410,"35B",1.46528270120394,4.45445478728149,1,3,3259,682.89472565,6,131
"411",411,"35B",1.46528270120394,4.45445478728149,3,2,3329,5747.136,4,111
"412",412,"35B",1.46528270120394,4.45445478728149,4,1,1918,2302.9794375,8,107
"413",413,"35B",1.46528270120394,4.45445478728149,1,2,3329,1610.316,5,111
"414",414,"35B",1.46528270120394,4.45445478728149,4,2,3329,4206.696,12,113
"415",415,"35B",1.46528270120394,4.45445478728149,2,3,3259,2046.5561435,5,130
"416",416,"35B",1.46528270120394,4.45445478728149,2,2,3329,5094.192,3,110
"417",417,"35F",2.1762923941755,0.476051520645888,1,0,1077,1559.511,9,25
"418",418,"35F",2.1762923941755,0.476051520645888,2,2,3329,5094.192,4,54
"419",419,"35F",2.1762923941755,0.476051520645888,3,2,3329,5747.136,5,55
"420",420,"35F",2.1762923941755,0.476051520645888,3,3,3259,2435.0243034,1,40
"421",421,"35F",2.1762923941755,0.476051520645888,2,3,3259,2046.5561435,5,39
"422",422,"35F",2.1762923941755,0.476051520645888,3,1,1918,3693.6125,6,28
"423",423,"35F",2.1762923941755,0.476051520645888,4,0,1077,2755.251,8,21
"424",424,"35F",2.1762923941755,0.476051520645888,1,2,3329,1610.316,4,55
"425",425,"35F",2.1762923941755,0.476051520645888,4,2,3329,4206.696,8,55
"426",426,"35F",2.1762923941755,0.476051520645888,4,1,1918,2302.9794375,6,26
"427",427,"35F",2.1762923941755,0.476051520645888,3,0,1077,4963.884,4,24
"428",428,"35F",2.1762923941755,0.476051520645888,1,3,3259,682.89472565,4,40
"429",429,"35F",2.1762923941755,0.476051520645888,4,3,3259,1899.7218255,3,38
"430",430,"35F",2.1762923941755,0.476051520645888,2,0,1077,4685.025,7,23
"431",431,"35F",2.1762923941755,0.476051520645888,1,1,1918,1070.6159375,9,27
"432",432,"35F",2.1762923941755,0.476051520645888,2,1,1918,3547.3925625,5,28
"433",433,"37",2.21037297668777,0.47180673547039,1,1,1918,1070.6159375,4,10
"434",434,"37",2.21037297668777,0.47180673547039,2,0,1077,4685.025,12,9
"435",435,"37",2.21037297668777,0.47180673547039,1,2,3329,1610.316,3,11
"436",436,"37",2.21037297668777,0.47180673547039,4,1,1918,2302.9794375,7,8
"437",437,"37",2.21037297668777,0.47180673547039,4,0,1077,2755.251,2,6
"438",438,"37",2.21037297668777,0.47180673547039,2,2,3329,5094.192,5,8
"439",439,"37",2.21037297668777,0.47180673547039,3,1,1918,3693.6125,2,7
"440",440,"37",2.21037297668777,0.47180673547039,4,2,3329,4206.696,4,7
"441",441,"37",2.21037297668777,0.47180673547039,4,3,3259,1899.7218255,4,11
"442",442,"37",2.21037297668777,0.47180673547039,1,3,3259,682.89472565,5,14
"443",443,"37",2.21037297668777,0.47180673547039,1,0,1077,1559.511,6,9
"444",444,"37",2.21037297668777,0.47180673547039,3,0,1077,4963.884,3,10
"445",445,"37",2.21037297668777,0.47180673547039,2,3,3259,2046.5561435,7,11
"446",446,"37",2.21037297668777,0.47180673547039,3,2,3329,5747.136,6,11
"447",447,"37",2.21037297668777,0.47180673547039,3,3,3259,2435.0243034,6,8
"448",448,"37",2.21037297668777,0.47180673547039,2,1,1918,3547.3925625,3,7
"449",449,"38",2.73707613830459,3.64629548732217,2,3,3259,2046.5561435,4,30
"450",450,"38",2.73707613830459,3.64629548732217,3,3,3259,2435.0243034,6,27
"451",451,"38",2.73707613830459,3.64629548732217,2,1,1918,3547.3925625,5,22
"452",452,"38",2.73707613830459,3.64629548732217,1,0,1077,1559.511,6,9
"453",453,"38",2.73707613830459,3.64629548732217,3,2,3329,5747.136,3,27
"454",454,"38",2.73707613830459,3.64629548732217,4,1,1918,2302.9794375,4,21
"455",455,"38",2.73707613830459,3.64629548732217,4,0,1077,2755.251,8,7
"456",456,"38",2.73707613830459,3.64629548732217,1,2,3329,1610.316,9,25
"457",457,"38",2.73707613830459,3.64629548732217,2,0,1077,4685.025,7,5
"458",458,"38",2.73707613830459,3.64629548732217,2,2,3329,5094.192,6,27
"459",459,"38",2.73707613830459,3.64629548732217,3,0,1077,4963.884,3,8
"460",460,"38",2.73707613830459,3.64629548732217,3,1,1918,3693.6125,3,21
"461",461,"38",2.73707613830459,3.64629548732217,1,3,3259,682.89472565,10,34
"462",462,"38",2.73707613830459,3.64629548732217,1,1,1918,1070.6159375,6,23
"463",463,"38",2.73707613830459,3.64629548732217,4,2,3329,4206.696,11,28
"464",464,"38",2.73707613830459,3.64629548732217,4,3,3259,1899.7218255,5,31
"465",465,"4",4.36068376226502,13.3667344181792,1,1,1918,1070.6159375,11,20
"466",466,"4",4.36068376226502,13.3667344181792,1,2,3329,1610.316,4,11
"467",467,"4",4.36068376226502,13.3667344181792,3,1,1918,3693.6125,4,18
"468",468,"4",4.36068376226502,13.3667344181792,4,2,3329,4206.696,6,10
"469",469,"4",4.36068376226502,13.3667344181792,2,3,3259,2046.5561435,4,4
"470",470,"4",4.36068376226502,13.3667344181792,4,1,1918,2302.9794375,15,13
"471",471,"4",4.36068376226502,13.3667344181792,2,2,3329,5094.192,2,8
"472",472,"4",4.36068376226502,13.3667344181792,4,3,3259,1899.7218255,8,4
"473",473,"4",4.36068376226502,13.3667344181792,1,3,3259,682.89472565,5,4
"474",474,"4",4.36068376226502,13.3667344181792,3,3,3259,2435.0243034,6,3
"475",475,"4",4.36068376226502,13.3667344181792,2,1,1918,3547.3925625,7,16
"476",476,"4",4.36068376226502,13.3667344181792,4,0,1077,2755.251,28,18
"477",477,"4",4.36068376226502,13.3667344181792,3,2,3329,5747.136,6,10
"478",478,"4",4.36068376226502,13.3667344181792,1,0,1077,1559.511,19,18
"479",479,"4",4.36068376226502,13.3667344181792,3,0,1077,4963.884,14,16
"480",480,"4",4.36068376226502,13.3667344181792,2,0,1077,4685.025,7,15
"481",481,"6A/C",1.83253359635872,16.1574896232387,2,1,1918,3547.3925625,3,141
"482",482,"6A/C",1.83253359635872,16.1574896232387,3,3,3259,2435.0243034,7,121
"483",483,"6A/C",1.83253359635872,16.1574896232387,3,1,1918,3693.6125,11,141
"484",484,"6A/C",1.83253359635872,16.1574896232387,1,1,1918,1070.6159375,12,136
"485",485,"6A/C",1.83253359635872,16.1574896232387,4,0,1077,2755.251,23,98
"486",486,"6A/C",1.83253359635872,16.1574896232387,2,3,3259,2046.5561435,2,119
"487",487,"6A/C",1.83253359635872,16.1574896232387,4,3,3259,1899.7218255,11,122
"488",488,"6A/C",1.83253359635872,16.1574896232387,3,0,1077,4963.884,8,102
"489",489,"6A/C",1.83253359635872,16.1574896232387,1,3,3259,682.89472565,4,127
"490",490,"6A/C",1.83253359635872,16.1574896232387,1,2,3329,1610.316,9,194
"491",491,"6A/C",1.83253359635872,16.1574896232387,4,2,3329,4206.696,25,192
"492",492,"6A/C",1.83253359635872,16.1574896232387,2,2,3329,5094.192,2,191
"493",493,"6A/C",1.83253359635872,16.1574896232387,3,2,3329,5747.136,8,195
"494",494,"6A/C",1.83253359635872,16.1574896232387,1,0,1077,1559.511,16,102
"495",495,"6A/C",1.83253359635872,16.1574896232387,2,0,1077,4685.025,5,99
"496",496,"6A/C",1.83253359635872,16.1574896232387,4,1,1918,2302.9794375,26,140
"497",497,"6B",3.17672286306963,25.6812965091628,2,0,1077,4685.025,3,75
"498",498,"6B",3.17672286306963,25.6812965091628,3,1,1918,3693.6125,3,65
"499",499,"6B",3.17672286306963,25.6812965091628,3,0,1077,4963.884,7,72
"500",500,"6B",3.17672286306963,25.6812965091628,4,0,1077,2755.251,13,76
"501",501,"6B",3.17672286306963,25.6812965091628,4,3,3259,1899.7218255,4,10
"502",502,"6B",3.17672286306963,25.6812965091628,4,1,1918,2302.9794375,9,66
"503",503,"6B",3.17672286306963,25.6812965091628,1,1,1918,1070.6159375,12,62
"504",504,"6B",3.17672286306963,25.6812965091628,3,2,3329,5747.136,2,11
"505",505,"6B",3.17672286306963,25.6812965091628,1,2,3329,1610.316,4,9
"506",506,"6B",3.17672286306963,25.6812965091628,2,3,3259,2046.5561435,3,5
"507",507,"6B",3.17672286306963,25.6812965091628,2,2,3329,5094.192,5,8
"508",508,"6B",3.17672286306963,25.6812965091628,1,3,3259,682.89472565,5,4
"509",509,"6B",3.17672286306963,25.6812965091628,3,3,3259,2435.0243034,9,5
"510",510,"6B",3.17672286306963,25.6812965091628,4,2,3329,4206.696,7,13
"511",511,"6B",3.17672286306963,25.6812965091628,2,1,1918,3547.3925625,5,63
"512",512,"6B",3.17672286306963,25.6812965091628,1,0,1077,1559.511,27,72
"513",513,"7C",1.66401480650795,1.08370767101259,2,3,3259,2046.5561435,7,74
"514",514,"7C",1.66401480650795,1.08370767101259,1,0,1077,1559.511,4,7
"515",515,"7C",1.66401480650795,1.08370767101259,4,3,3259,1899.7218255,6,77
"516",516,"7C",1.66401480650795,1.08370767101259,3,2,3329,5747.136,4,44
"517",517,"7C",1.66401480650795,1.08370767101259,4,1,1918,2302.9794375,7,4
"518",518,"7C",1.66401480650795,1.08370767101259,3,1,1918,3693.6125,7,3
"519",519,"7C",1.66401480650795,1.08370767101259,1,1,1918,1070.6159375,2,9
"520",520,"7C",1.66401480650795,1.08370767101259,3,0,1077,4963.884,9,9
"521",521,"7C",1.66401480650795,1.08370767101259,2,0,1077,4685.025,4,6
"522",522,"7C",1.66401480650795,1.08370767101259,2,2,3329,5094.192,4,45
"523",523,"7C",1.66401480650795,1.08370767101259,4,0,1077,2755.251,4,9
"524",524,"7C",1.66401480650795,1.08370767101259,2,1,1918,3547.3925625,1,8
"525",525,"7C",1.66401480650795,1.08370767101259,1,3,3259,682.89472565,5,77
"526",526,"7C",1.66401480650795,1.08370767101259,1,2,3329,1610.316,7,45
"527",527,"7C",1.66401480650795,1.08370767101259,4,2,3329,4206.696,11,46
"528",528,"7C",1.66401480650795,1.08370767101259,3,3,3259,2435.0243034,1,77
"529",529,"7F",5.31252817494849,20.5059304428014,1,1,1918,1070.6159375,28,25
"530",530,"7F",5.31252817494849,20.5059304428014,2,0,1077,4685.025,5,5
"531",531,"7F",5.31252817494849,20.5059304428014,3,2,3329,5747.136,27,15
"532",532,"7F",5.31252817494849,20.5059304428014,2,3,3259,2046.5561435,6,10
"533",533,"7F",5.31252817494849,20.5059304428014,1,3,3259,682.89472565,6,14
"534",534,"7F",5.31252817494849,20.5059304428014,3,0,1077,4963.884,8,5
"535",535,"7F",5.31252817494849,20.5059304428014,4,3,3259,1899.7218255,15,9
"536",536,"7F",5.31252817494849,20.5059304428014,4,2,3329,4206.696,57,19
"537",537,"7F",5.31252817494849,20.5059304428014,3,3,3259,2435.0243034,7,10
"538",538,"7F",5.31252817494849,20.5059304428014,2,2,3329,5094.192,12,14
"539",539,"7F",5.31252817494849,20.5059304428014,2,1,1918,3547.3925625,9,27
"540",540,"7F",5.31252817494849,20.5059304428014,4,0,1077,2755.251,17,7
"541",541,"7F",5.31252817494849,20.5059304428014,3,1,1918,3693.6125,18,25
"542",542,"7F",5.31252817494849,20.5059304428014,1,0,1077,1559.511,9,4
"543",543,"7F",5.31252817494849,20.5059304428014,4,1,1918,2302.9794375,30,29
"544",544,"7F",5.31252817494849,20.5059304428014,1,2,3329,1610.316,28,15
"545",545,"8",3.02733239117859,3.4603466103285,3,3,3259,2435.0243034,11,20
"546",546,"8",3.02733239117859,3.4603466103285,1,0,1077,1559.511,11,9
"547",547,"8",3.02733239117859,3.4603466103285,4,2,3329,4206.696,30,12
"548",548,"8",3.02733239117859,3.4603466103285,2,1,1918,3547.3925625,8,17
"549",549,"8",3.02733239117859,3.4603466103285,4,3,3259,1899.7218255,17,16
"550",550,"8",3.02733239117859,3.4603466103285,3,2,3329,5747.136,10,14
"551",551,"8",3.02733239117859,3.4603466103285,3,1,1918,3693.6125,13,18
"552",552,"8",3.02733239117859,3.4603466103285,2,0,1077,4685.025,4,4
"553",553,"8",3.02733239117859,3.4603466103285,1,2,3329,1610.316,6,11
"554",554,"8",3.02733239117859,3.4603466103285,3,0,1077,4963.884,14,4
"555",555,"8",3.02733239117859,3.4603466103285,1,1,1918,1070.6159375,6,18
"556",556,"8",3.02733239117859,3.4603466103285,4,1,1918,2302.9794375,18,16
"557",557,"8",3.02733239117859,3.4603466103285,2,3,3259,2046.5561435,7,16
"558",558,"8",3.02733239117859,3.4603466103285,4,0,1077,2755.251,19,3
"559",559,"8",3.02733239117859,3.4603466103285,1,3,3259,682.89472565,6,20
"560",560,"8",3.02733239117859,3.4603466103285,2,2,3329,5094.192,4,11
"561",561,"9N",2.61298413694988,1.0566217211837,3,1,1918,3693.6125,2,4
"562",562,"9N",2.61298413694988,1.0566217211837,3,0,1077,4963.884,8,11
"563",563,"9N",2.61298413694988,1.0566217211837,1,3,3259,682.89472565,7,26
"564",564,"9N",2.61298413694988,1.0566217211837,1,0,1077,1559.511,4,5
"565",565,"9N",2.61298413694988,1.0566217211837,4,0,1077,2755.251,7,7
"566",566,"9N",2.61298413694988,1.0566217211837,4,1,1918,2302.9794375,7,9
"567",567,"9N",2.61298413694988,1.0566217211837,2,1,1918,3547.3925625,4,4
"568",568,"9N",2.61298413694988,1.0566217211837,3,3,3259,2435.0243034,7,27
"569",569,"9N",2.61298413694988,1.0566217211837,3,2,3329,5747.136,6,13
"570",570,"9N",2.61298413694988,1.0566217211837,4,2,3329,4206.696,11,11
"571",571,"9N",2.61298413694988,1.0566217211837,1,1,1918,1070.6159375,5,3
"572",572,"9N",2.61298413694988,1.0566217211837,2,3,3259,2046.5561435,8,28
"573",573,"9N",2.61298413694988,1.0566217211837,2,0,1077,4685.025,5,1
"574",574,"9N",2.61298413694988,1.0566217211837,4,3,3259,1899.7218255,9,25
"575",575,"9N",2.61298413694988,1.0566217211837,1,2,3329,1610.316,9,13
"576",576,"9N",2.61298413694988,1.0566217211837,2,2,3329,5094.192,6,14
"577",577,"9V",3.66023795543314,14.7551130247795,3,0,1077,4963.884,4,37
"578",578,"9V",3.66023795543314,14.7551130247795,3,1,1918,3693.6125,4,18
"579",579,"9V",3.66023795543314,14.7551130247795,2,2,3329,5094.192,6,10
"580",580,"9V",3.66023795543314,14.7551130247795,4,3,3259,1899.7218255,6,8
"581",581,"9V",3.66023795543314,14.7551130247795,4,0,1077,2755.251,19,36
"582",582,"9V",3.66023795543314,14.7551130247795,2,3,3259,2046.5561435,7,6
"583",583,"9V",3.66023795543314,14.7551130247795,1,0,1077,1559.511,24,32
"584",584,"9V",3.66023795543314,14.7551130247795,4,2,3329,4206.696,7,11
"585",585,"9V",3.66023795543314,14.7551130247795,2,0,1077,4685.025,9,35
"586",586,"9V",3.66023795543314,14.7551130247795,2,1,1918,3547.3925625,4,22
"587",587,"9V",3.66023795543314,14.7551130247795,3,2,3329,5747.136,9,7
"588",588,"9V",3.66023795543314,14.7551130247795,1,3,3259,682.89472565,6,4
"589",589,"9V",3.66023795543314,14.7551130247795,1,1,1918,1070.6159375,15,23
"590",590,"9V",3.66023795543314,14.7551130247795,4,1,1918,2302.9794375,8,17
"591",591,"9V",3.66023795543314,14.7551130247795,1,2,3329,1610.316,5,16
"592",592,"9V",3.66023795543314,14.7551130247795,3,3,3259,2435.0243034,2,5
"593",593,"NT",2.05365298896777,3.59797447353987,3,1,1918,3693.6125,12,11
"594",594,"NT",2.05365298896777,3.59797447353987,1,3,3259,682.89472565,3,99
"595",595,"NT",2.05365298896777,3.59797447353987,1,2,3329,1610.316,3,76
"596",596,"NT",2.05365298896777,3.59797447353987,3,3,3259,2435.0243034,11,97
"597",597,"NT",2.05365298896777,3.59797447353987,1,0,1077,1559.511,6,49
"598",598,"NT",2.05365298896777,3.59797447353987,3,0,1077,4963.884,4,55
"599",599,"NT",2.05365298896777,3.59797447353987,3,2,3329,5747.136,10,73
"600",600,"NT",2.05365298896777,3.59797447353987,2,1,1918,3547.3925625,2,7
"601",601,"NT",2.05365298896777,3.59797447353987,2,3,3259,2046.5561435,3,98
"602",602,"NT",2.05365298896777,3.59797447353987,4,3,3259,1899.7218255,8,96
"603",603,"NT",2.05365298896777,3.59797447353987,1,1,1918,1070.6159375,5,8
"604",604,"NT",2.05365298896777,3.59797447353987,2,2,3329,5094.192,5,84
"605",605,"NT",2.05365298896777,3.59797447353987,2,0,1077,4685.025,3,47
"606",606,"NT",2.05365298896777,3.59797447353987,4,0,1077,2755.251,7,49
"607",607,"NT",2.05365298896777,3.59797447353987,4,2,3329,4206.696,8,73
"608",608,"NT",2.05365298896777,3.59797447353987,4,1,1918,2302.9794375,12,11
